法令名	条	見出し	リンク	原本ページ
特定調停手続規則	第一条	特定調停の申立て・法第三条	特定調停手続規則.html#a1	1
特定調停手続規則	第二条	財産の状況を示すべき明細書等・法第三条	特定調停手続規則.html#a2	1
特定調停手続規則	第三条	民事執行手続の停止・法第七条	特定調停手続規則.html#a3	1
特定調停手続規則	第四条	相手方が提出すべき書面等・法第十条	特定調停手続規則.html#a4	2
特定調停手続規則	第五条	当事者に対する通知・法第十一条等	特定調停手続規則.html#a5	2
特定調停手続規則	第六条	文書の提出を求める場合の制裁の告知等・法第十二条	特定調停手続規則.html#a6	2
特定調停手続規則	第七条	調停条項案の書面による受諾等・法第十六条等	特定調停手続規則.html#a7	2
特定調停手続規則	第八条	裁判官の特定調停への準用・法第十九条	特定調停手続規則.html#a8	2
特定調停手続規則	第九条	民事調停規則との関係・法第二十二条	特定調停手続規則.html#a9	3
特定調停手続規則	附則第一条	施行期日	特定調停手続規則.html#sup2-a1	3
特定調停手続規則	附則第一条	施行期日	特定調停手続規則.html#sup3-a1	3
